Peso específico (kN/m³),Ángulo de fricción (°),Cohesión (kPa),Altura del talud (m),Ángulo del talud (°),kh,Slope stability
16.5,16.5,21,49,81,0,0.3498
15,15.5,11,35,72,0,0.3447
18,31.5,0,36,66,0,0.3445
19,33,0,46,78,0,0.353
19.5,18,15,32.75,84,0,0.3451
17,25,17,44,85,0,0.4036
21.5,35,0,21.75,63,0,0.3665
19,31.5,1,34,89,0,0.3544
20.5,29,12,34.5,87,0,0.4109
17,30.5,6,47.5,86,0,0.3783
19,22.5,13,47.5,87,0,0.3453
18.5,28,12,48.5,85,0,0.3899
21,34.5,16,48.25,87,0,0.4433
19,33,8,41.5,79,0,0.4279
17.5,22.5,11,35.75,81,0,0.3732
20,20,18,49,85,0,0.3415
19.5,29,16,39.5,86,0,0.4272
19,21.5,18,29.75,89,0,0.4004
18,33.5,5,29.5,82,0,0.4169
18,33.5,0,23,79,0,0.3569
20.5,31.5,10,32,86,0,0.4228
17.5,26,12,48.75,83,0,0.3817
19,33.5,0,12.5,83,0,0.3568
19,34,0,22.5,80,0,0.3595
17.5,22.5,21,46.25,83,0,0.4029
16,20,19,41.5,84,0,0.387
17.5,27,17,44.75,83,0,0.4271
16,22,15,38,80,0,0.4039
14.5,18.5,19,46.25,50,0,0.5411
16,20.5,22,46,72,0,0.4532
19.5,29,5,20.75,57,0,0.5342
19,28.5,9,13.25,80,0,0.519
19,21,15,18.5,82,0,0.4635
17,22.5,38,43.5,81,0,0.5159
18,32.5,3,28.5,53,0,0.5377
20,40,5,37.25,62,0,0.5795
21,29,6,11.75,57,0,0.6455
18,29.5,15,36,59,0,0.6236
18,20.5,25,35.75,87,0,0.4187
17.5,23,17,32.5,64,0,0.5353
21,34,15,31,68,0,0.6028
20.5,35.5,14,22.5,80,0,0.5624
17,28.5,14,46.25,52,0,0.6205
19,22.5,15,13.5,84,0,0.5193
17.5,28,46,36.5,81,0,0.6313
17.5,25,29,20.75,87,0,0.5028
16.5,23.5,22,41.25,81,0,0.452
17.5,24,18,39,50,0,0.6242
18,29,5,27.25,60,0,0.4873
19.5,29.5,5,6.25,82,0,0.536
17.5,27,7,49.5,45,0,0.5345
18,31.5,7,35.5,67,0,0.4782
17.5,28.5,2,22,48,0,0.4998
17.5,32.5,5,21.25,73,0,0.475
16.5,18,22,27.25,80,0,0.4636
16,23,18,13.75,82,0,0.5464
17,25,11,22.75,55,0,0.6212
16.5,20.5,27,19.25,87,0,0.4684
17,16,16,20,37,0,0.6624
15.5,18.5,19,9.75,74,0,0.5963
16,31.5,6,42.5,42,0,0.6549
18.5,28.5,6,21.75,39,0,0.6863
20,24,22,40.75,45,0,0.6659
18.5,23.5,18,39.25,47,0,0.6241
20,33,4,20,46,0,0.6696
20,36,2,45.75,45,0,0.6012
17,31,8,38.75,47,0,0.6466
20,29,5,35.5,36,0,0.6129
17.5,28,22,39.25,56,0,0.6934
16,24,18,26.5,44,0,0.7793
18,32.5,20,48.25,57,0,0.6939
19,35.5,20,32.5,61,0,0.7814
18.5,31,34,44.25,54,0,0.8418
19.5,24,18,12.25,73,0,0.6847
17.5,24,27,13.75,82,0,0.5638
18,22,41,25.5,79,0,0.5859
17,32,24,15.25,85,0,0.5951
19.5,30,20,25.5,55,0,0.7982
19.5,30.5,10,29.75,47,0,0.6895
18,33,8,18,51,0,0.7742
16.5,26.5,5,14,41,0,0.6964
20,30,15,41.75,49,0,0.6733
16.5,34.5,9,21.5,58,0,0.733
18,35.5,10,5.25,88,0,0.5804
16,24.5,24,20.5,75,0,0.6556
16.5,25,15,37.5,39,0,0.6963
19,25,15,36.75,44,0,0.6467
18,21.5,20,30.25,50,0,0.6548
14,21,11,18.5,30,0,0.7795
16.5,16,19,12,48,0,0.851
14,22,19,16.5,49,0,0.9121
14.5,19,16,5.5,89,0,0.4337
19,35,3,24.75,37,0,0.7299
17,34.5,5,21.25,41,0,0.7888
17.5,34,1,7,36,0,0.7411
19.5,34.5,3,8.5,41,0,0.8351
19,20.5,19,13.5,43,0,0.8967
18.5,21,35,10.25,83,0,0.5377
19.5,25,21,23,45,0,0.8246
19,18,32,35.25,33,0,0.7222
19.5,34.5,3,45.75,37,0,0.6614
18.5,37.5,3,22.75,40,0,0.7756
20,33,3,14.75,36,0,0.7471
18,30,1,42.75,29,0,0.5646
21,28.5,5,4.75,44,0,0.9331
20.5,27,11,29.25,30,0,0.7396
20,33,5,23.75,41,0,0.7148
19.5,26.5,12,26.25,31,0,0.7806
16.5,20.5,16,12,45,0,0.9054
17.5,23.5,15,18.75,43,0,0.798
19,23.5,13,8.75,49,0,0.9302
18.5,21.5,23,10,71,0,0.6893
21.5,37,18,49.75,43,0,0.8651
19.5,35.5,9,48.5,40,0,0.7613
20,35,13,12.75,51,0,1.0191
18,36,13,10.75,58,0,1.0161
20,30,32,47.25,40,0,0.8831
21,30,34,15,73,0,0.7694
18,26,23,46.5,38,0,0.7567
18.5,22,31,10.75,74,0,0.6525
18.5,21,20,29.75,32,0,0.7428
18,27,44,46.25,49,0,0.8755
19,25.5,48,46.5,42,0,0.9061
18,20,28,16.75,48,0,0.9361
20,25.5,20,9.75,67,0,0.8329
17,32,30,19.25,61,0,0.956
18,21.5,15,16.25,35,0,0.8323
17,23,29,33.75,39,0,0.8469
18.5,28.5,14,47.5,32,0,0.7361
17,32.5,15,24,48,0,0.894
18.5,33,4,13.5,43,0,0.7635
18,30,1,5.5,34,0,0.6919
17,27,7,33.25,32,0,0.6661
18.5,27.5,12,39.25,31,0,0.7286
17.5,26,6,36.75,29,0,0.6176
21,27.5,14,36.25,34,0,0.7292
16.5,29.5,3,11,36,0,0.7415
20,32,6,24.75,37,0,0.7423
17.5,31,10,11.25,50,0,0.9348
18.5,28,8,43.25,35,0,0.6392
19,22.5,35,27.25,52,0,0.8396
17.5,19,34,16.25,59,0,0.9096
17.5,23.5,20,13.5,60,0,0.8453
18.5,21,27,46.5,31,0,0.7083
16,24,28,21.25,57,0,0.873
18.5,28,19,11,66,0,0.8223
17,22.5,28,12.75,66,0,0.7615
17.5,24,10,31.5,28,0,0.6784
15,21.5,19,45.25,26,0,0.7129
16.5,18.5,11,46.75,17,0,0.5441
18,20,12,23,22,0,0.6952
15.5,16.5,12,9,35,0,0.89
16.5,31.5,8,34.5,33,0,0.7829
19,34.5,7,35,35,0,0.7901
19,31.5,10,22.25,37,0,0.8521
16,34.5,8,20.5,40,0,0.9054
19,23.5,36,15.75,58,0,0.9891
19,18.5,19,8.5,49,0,1.0014
17.5,20.5,18,15.75,33,0,0.8877
17,23.5,37,39,37,0,0.9063
20,37,1,39.25,29,0,0.7229
18,34,0,32.5,29,0,0.5926
19,38.5,5,17.25,38,0,0.9252
22,39.5,3,4,45,0,1.069
20,28,10,3,71,0,0.7444
17.5,30.5,13,50,30,0,0.7831
19,33.5,10,48,33,0,0.7901
17.5,32,10,46,33,0,0.771
18,24,21,32.75,29,0,0.8226
18,27,23,44.5,30,0,0.8346
17,25,10,14,31,0,0.8722
17.5,27,18,17.5,36,0,1.0129
21,37,13,17.5,45,0,1.0229
21,35,5,9.5,35,0,0.9696
21.5,35.5,7,13.75,41,0,0.9167
20.5,32.5,18,32.25,33,0,0.9396
18.5,30.5,29,38,39,0,0.9622
19,29,13,31.75,33,0,0.7986
20,30,33,43.25,37,0,0.9435
20.5,28,17,9.75,50,0,1.045
17.5,24,24,41.5,30,0,0.7934
20,20.5,34,12.25,56,0,1.0475
17,23,42,12.5,82,0,0.5682
19.5,26,24,27.25,31,0,0.9308
19,23.5,35,47,27,0,0.8417
19.5,29.5,28,18.25,53,0,1.0182
19.5,21.5,22,17.5,31,0,0.9255
20,30.5,33,26.25,48,0,1.0136
17.5,28,9,30,29,0,0.752
20.5,28.5,6,27.25,29,0,0.6894
17,35,15,30.5,40,0,0.9545
20.5,35,8,4,56,0,1.1106
19.5,31,12,31.5,33,0,0.8298
16,31.5,15,9.75,57,0,0.9849
20.5,27,13,4.75,66,0,0.8551
17.5,32,11,39.5,31,0,0.8233
16.5,33.5,0,28.5,26,0,0.5983
18,29,5,7.75,31,0,0.9331
17.5,28,0,45.5,23,0,0.4913
18,36,9,36.5,32,0,0.8932
16.5,23.5,17,11.25,40,0,1.062
18.5,24.5,29,31.5,30,0,0.9263
18,25.5,31,18,44,0,1.0866
17,22.5,35,21.75,42,0,1.0473
18,26,11,36.75,27,0,0.7114
16.5,22,29,8,79,0,0.5897
19,23.5,17,49.75,25,0,0.6765
18.5,23.5,18,13.5,37,0,0.9929
14.5,16,18,27,15,0,0.716
16.5,16,19,15.25,21,0,0.8629
15,18,25,29.5,23,0,0.815
16,21,24,24.5,28,0,0.9077
16,30,4,6.75,29,0,0.9775
20,33.5,10,4.25,56,0,1.1002
17,29,8,49.5,24,0,0.7066
18.5,31,7,32,26,0,0.7811
17.5,20.5,24,10.25,41,0,1.1576
17.5,25,33,37.25,28,0,0.9406
17,21,32,17,40,0,1.0779
17.5,22,36,25.25,31,0,1.0345
21,39,5,43,30,0,0.8661
19.5,30,1,31,24,0,0.5989
18,34,2,3.25,33,0,1.0347
21,37,0,21,28,0,0.6691
20.5,31.5,9,4.75,48,0,1.1603
18.5,33.5,14,39,30,0,0.9067
19,33.5,8,45.25,27,0,0.8013
19,33.5,7,5.5,41,0,1.1574
18.5,23.5,22,21.75,27,0,0.9417
18.5,20.5,21,49.5,18,0,0.6683
16,26,16,42.25,26,0,0.783
19,23.5,20,32.5,23,0,0.81
20,37.5,19,16,42,0,1.2272
20.5,34.5,12,8.25,43,0,1.1814
21,36.5,10,20.25,33,0,1.0075
21.5,35.5,15,35,33,0,0.9458
19.5,27.5,28,8.75,59,0,0.9982
19,21.5,12,3.25,65,0,0.8109
18,28,34,10.25,60,0,0.9707
20.5,26.5,32,9.5,57,0,1.0392
17.5,23.5,29,40,24,0,0.873
20,25,48,12.75,58,0,1.0284
19,25,32,42.75,25,0,0.8872
18,22.5,38,43.5,25,0,0.8767
18.5,32,28,30.25,36,0,1.0772
16,27,19,6.5,60,0,0.8961
17.5,32,15,27.25,30,0,0.9787
18,24,20,40.75,23,0,0.7785
17.5,33.5,13,49.25,27,0,0.8759
19.5,29,1,3.25,27,0,0.7767
18,35,7,32.75,28,0,0.8756
20.5,28,15,9,40,0,1.1275
16,31.5,7,11.5,30,0,1.0183
18,32.5,12,34.75,28,0,0.888
16,34,10,21,31,0,1.0082
20,26,12,23,26,0,0.8062
17.5,29,7,4.75,38,0,1.161
17,29.5,3,6,27,0,0.9181
17,34,2,29.25,25,0,0.7351
19.5,31,8,23.5,26,0,0.8463
16,21.5,34,11.5,62,0,0.8497
17,25.5,15,5,63,0,0.8374
19,23,17,7.5,39,0,1.1858
17,23.5,30,14.25,46,0,1.1305
16.5,21,20,4.75,80,0,0.5874
17.5,23.5,18,49.5,23,0,0.7085
18,20,12,18.25,19,0,0.7599
19,20,23,4.5,77,0,0.6024
17.5,18.5,20,12.25,25,0,1.0114
15.5,22,15,20.25,22,0,0.8704
20,34.5,6,14.5,26,0,0.9781
18.5,29.5,8,3.25,43,0,1.2346
19,25,30,19.25,30,0,1.1194
18,25,15,34.25,22,0,0.7819
19.5,33.5,3,47.75,22,0,0.7228
20.5,31,1,9,23,0,0.6987
17.5,33,12,11,35,0,1.1805
21,28.5,13,13.5,28,0,1.018
16,28,18,48.75,23,0,0.8354
17,28,12,4.25,52,0,1.0546
20,33.5,6,26.25,24,0,0.8464
21.5,32,20,29,26,0,1.0128
17,23.5,14,44.25,16,0,0.7065
17.5,21.5,28,10.25,42,0,1.2073
17.5,27.5,29,11,43,0,1.2291
20,25.5,34,16,32,0,1.2349
20,25,16,19.75,24,0,0.9048
18,31,31,6,75,0,1.2062
19,33.5,9,4.25,44,0,1.2474
19,28.5,4,15.5,23,0,0.7525
17.5,28,7,26.5,21,0,0.765
20.5,33.5,15,44.5,27,0,0.8925
17.5,33.5,10,36,26,0,0.8914
19.5,33,10,18.75,26,0,0.9956
17.5,20,21,22.25,21,0,0.8609
18.5,23,30,28.75,25,0,0.9461
19,27,29,15.25,35,0,1.2346
18,22.5,23,5.25,67,0,0.7552
14.5,20.5,18,3.5,28,0,1.4168
14,21.5,22,4.25,54,0,1.2202
20,32.5,9,13.25,18,0,1.0806
19,34.5,3,22,18,0,0.8401
17,24.5,38,21.25,23,0,1.2373
19,25,22,12.25,15,0,1.2275
20.5,31.5,4,46.25,20,0,0.7009
22,35,0,8.5,16,0,0.6779
20,29,5,40,18,0,0.6853
18,30,14,11,15,0,1.2752
18,21.5,24,30,16,0,0.8526
17.5,27,10,5,17,0,1.3733
19,33,9,14.5,16,0,1.0906
19.5,35,20,18.75,18,0,1.3022
20,30,30,4,79,0,1.3604
20,30,31,5.5,34,0,1.7664
17,20,42,9.5,47,0,1.159
18,28,28,5.75,38,0,1.5653
20,32,17,26,25,0,1.023
18.5,32,34,15,24,0,1.4957
18,34,4,39.5,16,0,0.8069
20,31.5,13,40,17,0,0.8812
17.5,32.5,5,46.5,21,0,0.7582
17.5,26,11,12.25,18,0,1.0195
19,33,7,29.25,22,0,0.8568
16,31,2,26,18,0,0.7073
18.5,25.5,23,11.25,24,0,1.3124
18.5,25.5,31,39.5,20,0,0.9485
16,23.5,30,8,45,0,1.2079
16.5,27,16,5,21,0,1.511
18,23,39,3.25,31,0,3.2952
18,32.5,15,3,27,0,1.8738
21,34,15,3.25,19,0,2.0319
18.5,24.5,24,5.5,16,0,1.6091
18,38,15,10,16,0,1.5163
18.5,34,18,9.5,19,0,1.4964
19,34,12,4.5,16,0,1.6311
17,30,29,7.75,41,0,1.4211
20,23,33,3.75,22,0,2.3421
19.5,27,40,8.5,23,0,1.6659
17.5,28,34,3,46,0,2.743
17.5,31,24,9.25,21,0,1.4897
16.5,26,35,8,33,0,1.4945
19,27.5,32,6.75,28,0,1.6605
16.5,20.5,34,3,22,0,3.2406
19,23.5,30,5.25,29,0,1.6494
18,19,29,4.25,19,0,1.8441
16.5,22,27,4,27,0,1.838
18,28,28,8,29,0,1.4317
14.5,20.5,23,4.75,17,0,1.4053
17.5,21,40,8.5,21,0,1.5517
18,21.5,24,3.25,24,0,1.8967
18.5,24.5,21,4.75,16,0,1.6974
17.5,27.5,25,11.5,19,0,1.4184
18.5,23,35,3.25,42,0,2.8285
20.5,29,26,8,28,0,1.4948
17.5,25,22,4.75,25,0,1.6417
20,26.5,24,7,16,0,1.5777
20,24,45,5.75,34,0,2.0187
18,24,50,6.25,32,0,1.9383
18.5,20,35,4,31,0,2.3702
16.5,27.5,34,18.25,15,0,1.3607
19,34,14,4.5,26,0,1.6001
18,26,34,13.25,19,0,1.4474
17.5,31.5,33,3.75,16,0,3.0763
19.5,29.5,32,3.5,17,0,2.9193
16,30.5,29,4.5,24,0,2.5143
18.5,31,26,3.75,30,0,2.4914
16.5,31.5,35,5,35,0,2.5377
18,26,31,3.75,42,0,2.4849
18,21.5,36,3.75,25,0,2.7229
18.5,33.5,15,4.75,20,0,1.6908
16,25,25,6.25,26,0,1.5557
20,37,17,10.75,21,0,1.4755
20,37,9,3.5,18,0,1.6547
20.5,37,20,8.25,28,0,1.5693
20,24.5,33,5.5,32,0,1.7112
18.5,24.5,32,8.5,27,0,1.4999
17,27.5,30,3.25,24,0,2.9583
19,26.5,44,13,19,0,1.5333
19.5,27,30,5,23,0,1.8872
17,27,33,15.25,17,0,1.3995
16,25.5,31,4,22,0,2.6275
19,31.5,23,3,20,0,2.7158
17,30.5,29,16,28,0,1.3533
19.5,34.5,14,7,17,0,1.5135
16.5,18.5,30,3.5,17,0,2.4648
17,22.5,34,9.25,18,0,1.518
18,25,31,3.25,40,0,2.6833
17,24,30,7,20,0,1.5922
18.5,27,23,6,23,0,1.5881
18,22.5,30,4.5,28,0,1.8784
19.5,35.5,19,5.5,16,0,1.8293
19.5,30.5,24,4,22,0,2.1082
19.5,28,43,5,19,0,2.6774
17.5,28,39,5.25,33,0,2.294
16,29,31,4,23,0,2.7771
20,32,35,5.75,22,0,2.1675
16,25,35,6.75,21,0,1.5671
15,0,24,42.25,40,0,0.1763
16,0,22,34.25,81,0,0.1621
19,0,56,36,30,0,0.3778
19.5,0,40,25,38,0,0.3723
19,0,44,33,52,0,0.306
19,0,54,47.75,79,0,0.2383
18.5,0,56,46.75,87,0,0.2307
19,0,44,28.75,66,0,0.3355
18,0,81,38.25,81,0,0.4182
19,0,60,32,55,0,0.4179
16,0,33,31.5,46,0,0.2909
16.5,0,32,18.5,73,0,0.4037
18.5,0,29,46.25,32,0,0.1657
18.5,0,25,30.25,35,0,0.2096
18,0,31,42.25,38,0,0.1928
17,0,39,44.75,44,0,0.229
18,0,27,15.25,61,0,0.4002
17,0,16,10,43,0,0.4228
18.5,0,68,29.5,20,0,0.5627
17,0,45,25.25,23,0,0.4808
19,0,28,10.25,31,0,0.6245
16,0,51,45.75,47,0,0.3123
19,0,73,47.5,25,0,0.3701
18,0,63,20.5,87,0,0.373
17.5,0,70,46.75,17,0,0.4003
20,0,69,27.75,39,0,0.5457
16,0,40,18.5,45,0,0.5726
16.5,0,60,39.75,29,0,0.4174
17,0,33,7.75,69,0,0.7146
17.5,0,57,24,35,0,0.5815
17,0,38,19.25,44,0,0.5002
16,0,53,19,38,0,0.7182
17,0,21,3,42,0,1.2569
16.5,0,25,5.75,51,0,0.9607
18.5,0,75,20.5,33,0,0.8195
18.5,0,58,14.75,67,0,0.7485
18,0,30,8.25,36,0,0.8276
18,0,45,12.75,44,0,0.7839
18.5,0,65,17.75,36,0,0.8072
20.5,0,54,15.5,20,0,0.7417
18.5,0,60,15.25,41,0,0.8608
17.5,0,77,22.25,37,0,0.8229
19.5,0,70,16.25,63,0,0.7963
17,0,72,22,27,0,0.8192
16.5,0,43,10,26,0,1.0304
17.5,0,35,5.75,63,0,0.863
17,0,53,11.5,63,0,0.8833
19,0,39,10.5,44,0,0.7981
15,0,24,3.75,22,0,1.2923
14.5,0,22,4.75,21,0,1.2155
18,0,61,12.25,28,0,1.0945
19.5,0,77,15.25,37,0,1.023
19,0,72,15,61,0,0.8895
17,0,79,19.25,21,0,0.9905
19,0,50,8.75,60,0,1.0032
17.5,0,60,11.25,61,0,0.9613
17.5,0,36,6.5,41,0,1.1659
17,0,28,4.5,35,0,1.2979
17,0,60,11.5,49,0,1.0723
18,0,67,13.75,41,0,1.0371
18,0,43,6.25,78,0,0.5328
20,0,85,16.75,58,0,0.9009
19.5,0,82,11.5,88,0,0.3843
18,0,97,21.5,33,0,1.0096
17,0,90,19,17,0,1.1047
17,0,66,10,75,0,0.586
19.5,0,55,8,85,0,0.4078
17,0,61,12,35,0,1.1323
17.5,0,67,14.75,37,0,1.0141
16,0,34,5.25,19,0,1.3308
18.5,0,27,5,58,0,0.9943
16.5,0,37,6,32,0,1.3289
18,0,55,10.75,20,0,1.1427
16.5,0,53,3.75,86,0,1.8752
18.5,0,32,5.25,58,0,0.9851
17,0,43,5.75,58,0,0.9812
19,0,43,9.75,49,0,0.8787
19,0,25,4.75,54,0,1.0025
14,0,25,3.25,18,0,1.4934
17.5,0,75,13.75,35,0,1.1659
17,0,54,5,77,0,1.2166
17.5,0,69,9.75,55,0,1.0577
18,0,52,7.75,15,0,1.3791
16,0,39,3,63,0,2.3378
18.5,0,49,4.75,83,0,1.048
18.5,0,41,5.5,34,0,1.3945
17.5,0,50,5,77,0,1.0062
19.5,0,71,11.25,49,0,1.1285
17,0,66,10,48,0,1.1583
20,0,65,12.75,57,0,0.8916
19,0,82,12.5,67,0,0.8321
20,0,64,10,73,0,0.6565
17,0,61,10.25,42,0,1.2045
19.5,0,84,15,20,0,1.2004
18.5,0,63,10.25,25,0,1.2875
17.5,0,67,5,87,0,1.6803
16,0,59,10.5,34,0,1.2317
17,0,76,13,39,0,1.197
20,0,59,10,66,0,0.8407
18.5,0,35,4.25,25,0,1.5408
19,0,48,4.75,88,0,0.5557
16.5,0,37,3.5,48,0,1.4602
18,0,48,6,35,0,1.3621
17.5,0,37,3.75,28,0,1.8031
16.5,0,48,3.25,81,0,2.1826
17.5,0,46,6.75,18,0,1.3793
19,0,53,7.5,15,0,1.388
17,0,46,4,36,0,2.3639
17,0,80,11.25,34,0,1.241
18.5,0,47,4.25,30,0,2.0631
17.5,0,41,3.25,39,0,2.4911
18.5,0,59,5.5,77,0,0.8699
18.5,0,54,5.5,56,0,1.1792
18.5,0,60,7.75,35,0,1.3978
19,0,79,11,23,0,1.4141
20,0,71,11.25,43,0,1.1411
17.5,0,63,3.25,81,0,2.7429
20.5,0,65,10.5,37,0,1.1803
19,0,86,12.25,15,0,1.4231
17.5,0,70,9,25,0,1.4675
18,0,77,9,69,0,0.8329
19.5,0,74,9.75,67,0,0.8491
17,0,68,6.5,62,0,1.7848
17,0,74,10.25,32,0,1.3868
19,0,60,5.5,76,0,1.3351
18.5,0,41,4.25,34,0,1.6044
18,0,54,3,77,0,2.5955
19,0,42,4.25,59,0,1.1817
18,0,42,3,45,0,2.6175
18.5,0,54,6.25,30,0,1.5159
19,0,59,4.25,88,0,1.6183
18,0,54,5.75,23,0,1.6595
17,0,80,10.75,26,0,1.4722
19.5,0,46,4.5,33,0,1.6556
20,0,46,3,89,0,1.6724
17,0,53,4.5,46,0,2.2154
19,0,57,5,58,0,1.5879
21,0,59,7.75,15,0,1.4131
19.5,0,65,7.75,47,0,1.3564
21,0,45,5.25,87,0,0.4026
17,0,78,9,43,0,1.3046
19,0,86,10.75,43,0,1.3429
18,0,95,7,79,0,1.9028
17,0,70,6.75,62,0,1.3851
19,0,52,5,22,0,1.8491
19.5,0,67,8.5,33,0,1.4238
16.5,0,48,4.25,30,0,2.3723
18.5,0,53,4.75,15,0,1.9287
17,0,59,6,34,0,1.6803
19,0,74,4.5,41,0,3.035
18.5,0,75,6.75,28,0,1.7571
19,0,79,7.5,49,0,1.2696
16.5,0,57,4.25,37,0,2.7191
20,0,73,5.5,49,0,2.2322
19,0,72,4.5,18,0,3.0852
19,0,55,4.75,41,0,1.8121
18.5,0,95,9,51,0,1.1811
19,0,88,7,36,0,2.3435
17.5,0,86,4.5,39,0,3.766
18,0,69,4.75,35,0,2.9215
20,0,51,4.25,67,0,1.2207
16.5,0,56,4,32,0,2.881
17.5,0,55,3.5,48,0,3.0262
16.5,0,59,4.5,38,0,2.7125
18.5,0,52,3.25,40,0,3.0012
17.5,0,59,3,63,0,3.424
17.5,15,12,17.25,59,0.29,0.3386
14,18.5,19,35,47,0.28,0.4224
16.5,20.5,17,48.75,52,0.24,0.3542
15,16.5,23,29.25,89,0.22,0.3009
18.5,31.5,2,27.25,72,0.21,0.2303
18.5,28,10,23.25,85,0.04,0.4056
18,31,6,30.5,62,0.26,0.3042
18,33.5,1,35.5,62,0.28,0.1885
19.5,22,17,38,60,0.23,0.3499
19.5,19.5,40,32,70,0.25,0.4396
19,19.5,25,41.25,73,0.13,0.3655
17,20,32,21.5,88,0.23,0.3965
20.5,33,2,45.75,78,0.19,0.2241
20,34.5,2,17.25,77,0.1,0.3273
19,38.5,0,20.25,78,0.02,0.3655
21,34,1,33.5,73,0.01,0.3681
21,30.5,9,41.75,79,0.08,0.3455
18,27.5,7,47.5,85,0.07,0.3096
17.5,31,7,41.5,73,0.09,0.3563
20,32,6,48.75,85,0.05,0.3418
19,20.5,21,49.25,84,0.26,0.227
18.5,20,17,32.75,61,0.2,0.3709
16.5,24.5,16,39.25,87,0.01,0.3959
18,26.5,14,48,70,0.3,0.2505
21.5,37.5,7,20,81,0.24,0.275
18.5,34.5,15,38.25,87,0.3,0.2262
19.5,36,5,13.25,84,0.26,0.2606
20,37,7,40.5,89,0.26,0.2016
17,23.5,30,24.75,89,0.28,0.3499
19,29.5,12,18.25,89,0.27,0.2783
18.5,21,13,47.75,89,0.01,0.323
19.5,21,13,30.25,81,0.25,0.243
17.5,27,36,36,81,0.24,0.4044
17.5,27.5,46,44.5,78,0.22,0.4505
19.5,21.5,45,21.25,89,0.23,0.4209
17,22,20,15.75,86,0.14,0.4443
20,28,31,34.75,80,0.3,0.3365
19.5,25,18,46,88,0.06,0.3463
17.5,26,19,37.5,83,0.23,0.2953
18.5,26.5,17,50,70,0.23,0.3064
18,30,4,19.5,70,0.23,0.2781
21.5,30,5,17.75,68,0.25,0.2884
20,31,0,11,73,0.25,0.167
19.5,35,4,31,86,0.05,0.3601
21,26.5,6,38.25,88,0.1,0.2814
16,29.5,10,35,67,0.24,0.3314
21,27.5,10,42.75,56,0.29,0.2982
17.5,27.5,13,45.5,79,0.3,0.2222
18,29.5,7,29.25,67,0.23,0.3036
20,32,0,31.25,71,0.07,0.2919
18.5,29.5,9,33.75,76,0.28,0.2397
18,30.5,8,43,84,0.17,0.2691
17,18.5,24,13.75,84,0.23,0.4436
18.5,19,20,40.25,50,0.26,0.3695
19,21,20,39.25,54,0.27,0.3683
18,20.5,15,9.5,85,0.14,0.4602
17,24,16,30.25,68,0.23,0.3676
16.5,20.5,20,35.5,59,0.27,0.3777
17,20,19,21.5,88,0.04,0.4262
17.5,20,24,25.75,78,0.19,0.3931
14.5,21,24,36,47,0.02,0.7014
17.5,17.5,25,46.75,28,0.24,0.4469
15,18,25,6.25,79,0.24,0.5033
17.5,19,13,34,40,0.12,0.4643
20,29.5,10,46.5,27,0.13,0.5831
17,28.5,4,20.75,46,0.19,0.4307
17,30.5,4,21.5,41,0.25,0.4343
16.5,33.5,5,37.75,26,0.11,0.6522
18.5,23,19,26.25,40,0.19,0.584
18.5,24,37,45.75,56,0.23,0.5074
20,19.5,27,17,53,0.07,0.7628
19.5,25.5,31,40.5,42,0.19,0.6176
20.5,36.5,1,31.25,49,0.1,0.451
18,39,1,31.25,33,0.21,0.5055
19.5,40,0,13,72,0.09,0.3035
20,35,3,12.25,46,0.22,0.5
17,30.5,13,40,36,0.03,0.7547
18,34,14,12.25,74,0.23,0.541
18.5,27.5,14,23,36,0.18,0.6481
20.5,26.5,14,24,50,0.28,0.451
18.5,23.5,13,48.5,15,0.18,0.5018
16,20.5,19,30.25,47,0.26,0.4651
19,25.5,18,16.25,42,0.23,0.6802
16.5,21,19,39.25,42,0.14,0.5258
21.5,35.5,19,22.5,31,0.3,0.7248
21,33,20,36,69,0.08,0.5286
18.5,35,6,34.75,23,0.17,0.643
22,32,20,13.75,44,0.25,0.7827
18,30,14,11.75,61,0.06,0.7985
19,20,18,36.75,25,0.14,0.5403
17.5,23.5,13,23.5,49,0.2,0.4984
17,23.5,15,24.5,43,0.22,0.5376
17.5,25.5,43,38.25,68,0.24,0.5178
19,25.5,21,42.75,57,0.17,0.4597
20,27.5,47,33,77,0.06,0.6217
19.5,21,30,10.5,55,0.28,0.7577
18,28.5,19,4.5,84,0.11,0.647
20,22.5,26,12.5,87,0.08,0.4852
16,32,20,44.5,29,0.23,0.6805
19.5,24.5,26,32.5,30,0.29,0.5749
20,28,2,13.25,73,0.07,0.3352
22,32.5,10,32,50,0.29,0.4043
21.5,30,12,14.75,80,0.04,0.5096
19,29,2,18,21,0.24,0.4367
19.5,34,9,31,29,0.02,0.8466
18.5,30,8,26.75,51,0.05,0.5886
18,29,8,12.5,18,0.2,0.7395
18,32,9,41,47,0.29,0.3998
17.5,31.5,3,11.5,73,0.13,0.3683
18.5,29,1,9.25,19,0.21,0.4674
20,29,10,20.75,22,0.25,0.5995
18.5,36,2,47.5,25,0.19,0.5219
18,22.5,27,13.25,83,0.23,0.4681
19,18.5,17,49.5,58,0.1,0.365
18.5,20.5,21,30,52,0.16,0.5023
17,21.5,18,48.75,15,0.28,0.4513
16,24.5,15,42.75,33,0.21,0.5094
16.5,25,12,21.75,52,0.15,0.5485
18.5,25.5,16,9.25,55,0.25,0.7028
18.5,25,16,20,18,0.29,0.6187
14,15,21,15.5,26,0.07,0.8394
17.5,18,20,12.25,19,0.08,0.9081
14,21,13,8.25,19,0.21,0.8777
18,16,24,10.5,16,0.08,0.9977
16.5,32.5,8,40.25,16,0.15,0.6701
19.5,31.5,7,11.5,31,0.1,0.8254
18.5,28,10,8.5,25,0.18,0.8746
17,33,4,12.5,29,0.04,0.8367
20,18.5,27,16.25,20,0.02,0.941
18.5,24,36,7.75,57,0.1,0.9887
19,20,40,12.75,23,0.26,0.9578
19.5,19,29,10.25,45,0.12,0.9804
20,39.5,5,27.5,23,0.15,0.757
19.5,34.5,4,12.5,15,0.15,0.7609
21,40,5,20.5,15,0.13,0.8607
20,38,4,9.25,25,0.07,0.9704
19,30.5,11,3.25,43,0.19,1.0744
17,30,6,11,51,0.15,0.6197
19.5,31,9,27.5,21,0.15,0.6737
18,32,15,3.25,69,0.03,1.2426
19,27.5,13,20.25,20,0.07,0.8417
17,24.5,21,3.75,48,0.12,1.3168
17,23.5,21,4.25,54,0.2,1.0354
18,26.5,18,8.5,39,0.12,1.0518
20.5,38,20,15.5,52,0.18,0.8903
19.5,32.5,16,37,27,0.06,0.8456
20.5,36,20,19.75,47,0.22,0.7782
21,36.5,13,18,28,0.01,1.1273
20.5,31.5,30,29.25,29,0.14,0.912
17.5,28,25,14,44,0.24,0.858
19.5,22,31,22,16,0.02,0.9976
19.5,21,14,3,49,0.03,1.1481
19.5,23,42,13.25,24,0.17,1.1348
17,27.5,32,21,40,0.07,1.0552
18,23,41,15.25,35,0.19,1.0376
19,25,27,49,25,0.15,0.6469
18,31.5,18,11,45,0.19,0.9244
20,28.5,28,5.75,67,0.12,0.8994
18,30.5,18,28.5,18,0.02,0.9992
17.5,29,35,5.25,47,0.28,1.5152
21.5,29.5,12,10.5,16,0.21,0.8398
17.5,29,11,46.25,20,0.15,0.6102
17,31.5,15,42,30,0.05,0.8066
20,31,7,3.75,47,0.11,0.998
18,32.5,13,4.25,15,0.3,1.1276
20.5,31,10,5,33,0.13,1.1031
18.5,30.5,14,4.5,67,0.06,0.7865
16.5,29,10,11.75,27,0.16,0.8492
19,29,2,12.25,23,0.15,0.5445
17.5,35,3,12,31,0.15,0.6858
18,30,10,6.5,16,0.2,1.0072
20,36,3,10.75,19,0.04,0.9043
19,22.5,32,4.75,63,0.01,1.3174
19,26,31,3.5,59,0.21,1.6321
16.5,21,34,26.75,25,0.08,0.8994
18,22,25,12,29,0.22,0.8944
18,23.5,22,13,52,0.15,0.7994
16,24,26,21,35,0.12,0.8768
16.5,26,22,21.75,18,0.18,0.8283
17,26.5,23,4.5,60,0.02,1.2122
16.5,18.5,24,3.5,43,0.02,1.4361
17,34.5,6,4.25,15,0.06,1.3159
19.5,32,10,4.25,29,0.11,1.2181
18.5,35,10,10.5,18,0.11,1.0851
19,34,8,6,23,0.08,1.1874
17,31,9,7.5,17,0.01,1.2603
19,19.5,28,17.75,19,0.15,0.8186
19.5,25,27,5.25,37,0.09,1.3889
19,20,32,4.5,24,0.18,1.4147
18,24,28,11,34,0.06,1.2089
20,24.5,26,6.5,48,0.08,1.1058
18,21,29,7.25,31,0.14,1.1854
18.5,40,4,9.5,23,0.02,1.1295
18.5,39.5,4,3.5,17,0.1,1.2708
19,31,9,5.5,24,0.04,1.2507
17.5,29.5,13,5.25,23,0.1,1.2598
18.5,33,12,12.25,18,0.07,1.117
17.5,30,14,4,29,0.07,1.3941
19,32.5,15,3.75,22,0.16,1.4143
17.5,27,15,5,30,0.07,1.2724
18.5,27.5,25,9,29,0.03,1.3739
19,28,25,15.5,21,0.09,1.1058
16,22,20,11.25,19,0.03,1.1605
18.5,24,20,4,25,0.06,1.4997
19,23,14,3.25,25,0.15,1.2703
17.5,25,22,11.5,20,0.02,1.2546
21.5,35,17,20,17,0.03,1.1493
21,37,20,15.5,19,0.17,1.0995
19,33,17,3.25,50,0.11,1.5225
21.5,34.5,14,3,34,0.04,1.7431
21,37,14,5,48,0.09,1.1943
19,37.5,16,11,33,0.07,1.2667
18,26.5,28,6.25,25,0.18,1.2527
20.5,31,23,8.25,29,0.11,1.261
19,26,32,20,30,0.03,1.1153
20.5,30,28,6.75,61,0.03,0.9887
20,30.5,25,15,37,0.1,1.0647
19.5,28.5,18,5.25,40,0.11,1.179
18.5,25.5,31,10.75,37,0.09,1.1758
19.5,26,29,12.5,28,0.11,1.138
18,23.5,35,7,45,0.09,1.2894
17.5,23.5,43,21.5,19,0.03,1.219
19,28,38,26,24,0.05,1.1332
18,24,34,5,40,0.1,1.5469
16.5,21,33,12,26,0.1,1.1783
20,23.5,22,3.5,22,0.2,1.3734
19.5,26,19,9.25,35,0.05,1.1576
17.5,32,35,11.25,54,0.14,0.9982
20,31,28,15.75,33,0.03,1.2504
16.5,31.5,20,4.5,26,0.28,1.3127
20,32.5,12,6.75,25,0.02,1.3504
17,34,11,5,25,0.01,1.4489
18,34.5,15,5.25,33,0.21,1.1817
21,34,13,8.75,46,0.15,0.94
16,33,15,14,30,0.1,1.0793
17,31.5,12,3.25,40,0.01,1.4601
16,33,10,3.75,41,0.01,1.2755
20,32,13,8.75,29,0.04,1.1998
17.5,33,11,14.75,16,0.02,1.1334
17.5,30.5,10,3,21,0.02,1.5618
17.5,21,35,4.5,49,0.08,1.6402
16,20.5,25,3.75,36,0.06,1.5233
18,19.5,33,7,28,0.07,1.3603
17.5,24.5,26,8.75,35,0.04,1.2417
16,22.5,22,5,37,0.09,1.2301
18,23,33,12.25,24,0.11,1.1595
17,26,28,13,37,0.12,1.0741
16.5,21,18,3.5,34,0.03,1.4615
17.5,24,28,11.25,26,0.12,1.1237
19,21.5,24,6.75,19,0.14,1.1878
16.5,21.5,26,13,20,0.07,1.0954
16,28,21,5.75,20,0.26,1.1763
17.5,23.5,28,3.25,16,0.18,2.0401
18,21,32,10.5,16,0.15,1.145
17,23.5,36,6.5,36,0.09,1.419
18,23,26,12,23,0.15,1.0217
17.5,32.5,13,3.5,44,0.15,1.2253
17,24,21,5,23,0.06,1.3873
18.5,34.5,17,6.25,28,0.04,1.4694
19,34.5,17,5.25,33,0.07,1.4468
19,37.5,17,13.5,26,0.05,1.3037
20,38,14,3.5,20,0.09,1.7663
17.5,28.5,34,5.75,39,0.16,1.5258
19,31.5,34,3.75,40,0.13,2.3156
18.5,28.5,35,3,42,0.08,2.7394
19,26,44,3.75,38,0.17,2.4248
19,26.5,45,4,51,0.05,2.4738
20,24.5,42,5.25,28,0.12,1.8412
17.5,22.5,47,6,36,0.03,1.7729
19,27.5,37,5,58,0.15,1.5757
17,25,28,7,15,0.14,1.3045
18,30.5,31,5.75,24,0.19,1.5516
16,30,34,5.75,44,0.06,1.7383
19.5,21.5,29,4.75,41,0.15,1.2931
18,34.5,12,4,24,0.09,1.4387
21,34,14,4.5,32,0.15,1.2726
19,23,34,9,24,0.05,1.4007
18.5,25.5,22,3.75,22,0.09,1.5938
18,20.5,26,3.5,25,0.03,1.8303
18.5,20,35,3.75,15,0.07,2.3926
18,27.5,29,6,21,0.2,1.3625
17.5,24.5,26,4,23,0.06,1.757
19,25.5,35,5,15,0.16,1.6566
18,24,39,6.5,39,0.04,1.5493
19,24.5,39,12.25,36,0.15,1.1006
19,33.5,8,4.25,25,0.15,1.1613
19,24.5,23,3.25,26,0.04,1.8804
18,27.5,18,4.5,19,0.05,1.5715
21,34.5,14,3,32,0.07,1.7204
20.5,35.5,20,13.75,15,0.01,1.4248
19.5,35,20,3.75,33,0.06,1.9104
20,33.5,17,6,28,0.08,1.3912
20,38,16,11.25,18,0.05,1.3924
17,30.5,35,4,37,0.25,1.99
18.5,27,33,4.75,26,0.1,1.7958
18.5,31,34,10.5,45,0.05,1.3071
18.5,32,35,7.75,45,0.03,1.5316
20,31,31,7,18,0.21,1.3587
20,26,25,3.5,26,0.02,2.0011
20,27.5,43,4.75,37,0.12,2.1883
19.5,27,27,3.5,40,0.04,2.0704
17.5,23.5,34,9,16,0.07,1.4005
18,26.5,50,10.5,19,0.13,1.4712
16,27.5,34,6,27,0.19,1.4644
19.5,30.5,35,4,15,0.26,1.9341
18,20,34,11,22,0.15,1.1129
17,29.5,34,9.25,44,0.05,1.2561
17,30,17,4.5,17,0.06,1.5349
21,35,14,9,17,0.15,1.1457
18.5,34,13,6,19,0.01,1.486
16.5,35,8,4.5,18,0.15,1.2232
17.5,20.5,35,3.5,28,0.07,2.5044
18.5,21,25,4.25,18,0.15,1.4038
16.5,24.5,28,13.75,30,0.15,1.052
18,23.5,30,6.5,20,0.04,1.5143
17,28,26,10.5,25,0.06,1.3188
17.5,27,20,3,18,0.01,2.0361
16.5,23.5,26,4.5,23,0.02,1.6734
21,34,20,4.75,15,0.04,1.7753
20.5,31,33,6.5,19,0.07,1.7613
17,30.5,35,7.25,18,0.13,1.5871
17.5,27.5,38,7,30,0.02,1.7334
18,28,31,11,19,0.15,1.2404
19.5,31.5,27,4,25,0.03,2.3216
18,24,33,6.75,33,0.15,1.307
19.5,31,16,3.5,20,0.15,1.4655
19.5,30.5,34,4.75,23,0.12,2.0296
17.5,26.5,44,8.25,40,0.15,1.2409
19,26,38,3.75,23,0.07,2.6759
17,28,29,11.25,23,0.15,1.2016
16.5,29.5,31,8.75,33,0.15,1.2479
16.5,28,23,11.5,17,0.15,1.1331
16,24,31,3.25,19,0.03,2.8155
16,26.5,30,3.25,21,0.03,2.9096
18.5,27.5,25,7.25,17,0.15,1.2765
18.5,23,37,4,26,0.15,2.1984
18.5,22.5,28,6.75,19,0.15,1.2429
16.5,26,22,3.25,34,0.15,1.5907
19,37.5,12,8,22,0.15,1.1841
17.5,31,28,3.5,20,0.19,2.0926
19.5,27.5,44,5,16,0.12,2.3098
20,29,29,3.75,16,0.06,2.3169
16,30,29,4.75,24,0.04,2.0453
16,25,26,4.75,34,0.15,1.3194
18.5,35.5,13,5.75,16,0.15,1.3004
19.5,38,20,6.25,27,0.06,1.6391
18.5,32,28,10.75,18,0.04,1.4874
18.5,30.5,33,8.75,44,0.15,1.1784
18,27,50,5.5,30,0.02,2.7173
19,26.5,46,5.75,16,0.05,2.3592
18,27.5,37,3.5,33,0.03,2.9585
17,32,32,12.75,25,0.06,1.3753
16,29,33,9.25,23,0.07,1.3961
18.5,25,27,3,20,0.04,2.5949
19.5,28.5,19,6,16,0.15,1.254
17,25.5,24,4,35,0.15,1.5247
18,38,19,4,21,0.14,1.8598
17.5,29.5,28,12.25,30,0.15,1.1427
21,31,34,6.5,29,0.01,1.8245
17,23.5,49,7.25,21,0.15,1.5394
17,31.5,27,7,17,0.04,1.6166
18.5,29.5,32,4,26,0.14,2.1846
19.5,21.5,37,5.25,29,0.15,1.4192
21.5,37.5,20,6.5,43,0.15,1.2324
17.5,26.5,33,4.75,22,0.05,1.8126
18.5,26,33,4,22,0.02,2.5565
18.5,29.5,33,4.75,27,0.13,1.8299
16.5,29.5,29,6,32,0.05,1.6514
17.5,24,34,4.25,17,0.1,2.1345
19,29,35,4.25,24,0.02,2.6248
16.5,32,32,6,27,0.1,1.7904
17,28,30,5.25,18,0.09,1.7367
19,30.5,35,5.5,35,0.15,1.7233
18,31,31,3,26,0.06,2.9716
19.5,38,15,7.75,30,0.15,1.226
21.5,36,20,3.25,25,0.05,2.2398
20.5,31,31,3.75,27,0.1,2.2822
18.5,24.5,37,4.75,19,0.03,2.0882
19,27.5,35,7.75,18,0.01,1.6964
19.5,29.5,26,4.75,20,0.01,1.8445
17,27.5,31,3,15,0.1,2.7086
17.5,21.5,28,4.75,20,0.15,1.3822
16.5,23.5,34,6.5,36,0.15,1.2254
16,27,28,3,21,0.04,2.8425
17,25,30,3.75,15,0.21,1.9354
17,23.5,40,3.25,25,0.21,2.4752
20,38,14,4,16,0.21,1.4625
19.5,37.5,19,3.5,27,0.2,1.7785
20.5,37.5,19,7.5,25,0.15,1.3434
18.5,37.5,13,4.5,15,0.19,1.3945
21,31.5,22,3.25,23,0.17,1.8341
20.5,31,27,5,25,0.15,1.593
17.5,29,35,3.75,34,0.24,2.0653
19,27.5,30,3,20,0.24,2.0897
19.5,28,35,3,17,0.27,2.2311
18,25.5,37,6,25,0.15,1.4678
17,27.5,42,11.5,15,0.22,1.1856
17,32,34,5.75,39,0.23,1.4929
16.5,25.5,35,3.25,22,0.23,2.2881
16.5,28.5,33,5.25,30,0.15,1.6765
16.5,0,17,46,25,0.14,0.1017
17.5,0,23,17.75,78,0.3,0.1984
14,0,18,27.5,85,0.28,0.1286
15,0,30,46,37,0.1,0.1697
17.5,0,77,43.5,63,0.11,0.3454
17,0,55,20,65,0.1,0.5207
17.5,0,70,48.75,84,0.12,0.2608
20,0,49,19,77,0.16,0.3869
16,0,47,29.5,54,0.09,0.3657
17.5,0,54,26.25,45,0.1,0.4235
18,0,57,17.5,54,0.27,0.4719
19,0,42,46.75,21,0.19,0.1608
19,0,46,30,37,0.29,0.2249
20,0,88,26.75,65,0.14,0.5015
20.5,0,87,29.75,40,0.14,0.4754
19,0,43,15,78,0.02,0.515
19,0,95,45,53,0.2,0.3421
19,0,81,25,89,0.06,0.3895
17.5,0,84,45.25,46,0.22,0.3223
20,0,75,46.5,41,0.3,0.2197
16,0,47,40.5,20,0.05,0.314
16,0,49,31.5,68,0.2,0.2889
19,0,31,16.25,55,0.02,0.4181
18,0,71,32.75,44,0.3,0.314
19,0,43,31.5,41,0.2,0.2321
16.5,0,50,39,82,0.02,0.2863
18,0,32,46.5,39,0.05,0.1672
16.5,0,43,43.75,69,0.14,0.2006
18,0,54,47.25,78,0.05,0.2351
18,0,40,41.25,38,0.17,0.1856
16.5,0,44,11.25,87,0.27,0.3045
17.5,0,58,30,19,0.05,0.4527
18,0,29,7.5,49,0.08,0.7313
16.5,0,28,4.25,41,0.04,1.188
14.5,0,17,8,23,0.07,0.5534
15.5,0,20,6,45,0.03,0.7818
19,0,68,22.5,34,0.11,0.5557
20,0,61,12.5,30,0.28,0.6225
20,0,77,12.25,78,0.13,0.5418
17,0,52,8.75,25,0.27,0.8048
16,0,50,15.75,36,0.17,0.6123
17,0,26,7.75,16,0.04,0.7821
18,0,23,4.25,19,0.21,0.8174
16,0,42,4.75,77,0.01,0.5987
21,0,70,22.75,76,0.12,0.4545
17.5,0,66,11,62,0.29,0.718
18.5,0,80,14.75,37,0.24,0.766
20,0,80,26.25,69,0.15,0.4555
18,0,98,40.5,25,0.01,0.5907
19.5,0,79,25.25,33,0.13,0.5332
17.5,0,91,25.5,59,0.11,0.6471
17.5,0,64,9.25,70,0.21,0.6159
18,0,48,7.25,73,0.21,0.5833
20,0,79,16.75,39,0.27,0.6043
18,0,59,13.75,33,0.19,0.6983
18.5,0,62,14,24,0.18,0.6957
17.5,0,38,8,68,0.23,0.6481
17.5,0,57,9.25,61,0.23,0.7901
16,0,42,8.5,22,0.28,0.7424
17,0,34,11.25,24,0.07,0.6673
17.5,0,42,7,23,0.17,0.9804
16,0,44,12.25,17,0.12,0.7596
17.5,0,56,12.75,79,0.25,0.4603
17,0,28,5.25,74,0.14,0.5386
15,0,30,4.75,27,0.06,1.1628
14.5,0,30,3.25,55,0.02,1.8305
18.5,0,72,11.75,18,0.13,1.0517
19,0,80,13.5,36,0.11,0.9945
17,0,62,7.5,51,0.19,0.8948
19.5,0,65,9.25,57,0.05,1.0493
20,0,80,12.5,68,0.01,0.7921
20,0,40,7.25,31,0.01,1.0673
18,0,53,5.75,41,0.26,0.9625
17.5,0,49,4.5,23,0.07,1.7163
17.5,0,53,7,36,0.23,1.0074
18.5,0,48,7,41,0.2,0.9399
17.5,0,39,3.5,40,0.3,1.3257
18,0,59,6.25,76,0.04,0.7833
18,0,58,5.75,40,0.3,0.9803
20,0,80,7,88,0.23,0.9162
19.5,0,80,11.5,29,0.12,1.108
17,0,52,3.5,28,0.3,1.8811
21,0,52,8.25,19,0.22,0.8035
19.5,0,73,7.5,80,0.26,0.5356
17.5,0,86,7.75,64,0.21,1.1222
20,0,79,11.75,55,0.04,1.0357
18.5,0,83,5,87,0.21,1.6151
17,0,64,12.5,26,0.04,1.0956
19,0,87,10,25,0.26,1.0192
18.5,0,72,9.25,68,0.14,0.7634
20,0,67,12.5,80,0.15,0.487
19,0,56,6.25,28,0.06,1.3953
16.5,0,47,3,53,0.04,2.7542
16,0,59,4,84,0.15,1.7952
17,0,76,12,60,0.11,0.888
18.5,0,66,7.75,73,0.3,0.6275
18.5,0,57,7,79,0.05,0.4792
16,0,48,6.75,34,0.19,1.0242
19,0,49,5.25,15,0.13,1.341
18.5,0,48,4.5,61,0.3,0.9764
16,0,58,12.5,28,0.01,1.0873
17,0,56,7,41,0.28,0.9371
16,0,35,3,21,0.09,2.1141
18.5,0,57,5.5,68,0.04,0.9428
16.5,0,53,5.5,55,0.09,1.1134
19,0,54,3.75,79,0.19,1.6125
18,0,56,9.75,16,0.01,1.2443
18.5,0,35,3.5,48,0.09,1.1969
14,0,23,3,28,0.11,1.1529
18,0,28,3.25,35,0.03,1.4268
18,0,29,3,34,0.07,1.4529
18.5,0,79,6.5,84,0.23,1.2135
17.5,0,80,10,39,0.21,1.0135
19.5,0,76,10.5,45,0.03,1.1829
18,0,73,8.25,23,0.12,1.3218
17.5,0,74,12.25,27,0.12,1.0427
19,0,75,9.5,60,0.21,0.8837
19,0,57,5,65,0.24,1.1219
18,0,56,7,53,0.05,1.1234
18.5,0,31,3.5,22,0.15,1.2124
18,0,30,3,33,0.11,1.3584
19,0,57,7.25,53,0.12,0.9987
18,0,46,4.75,31,0.1,1.3687
19.5,0,42,5,77,0.24,0.4974
19.5,0,77,9.25,50,0.3,0.885
17,0,89,10,55,0.11,0.9781
17.5,0,66,5.75,89,0.11,1.2432
21,0,54,8,76,0.17,0.5843
21,0,49,8.25,17,0.21,0.7948
17.5,0,88,14.75,51,0.03,1.0614
17.5,0,83,15.25,19,0.1,1.0362
17,0,91,16.25,30,0.1,1.0395
18.5,0,63,7.75,22,0.07,1.3505
19.5,0,83,10.5,23,0.16,1.1416
17,0,88,13.5,70,0.01,0.7114
18,0,56,4.25,22,0.3,1.5598
18.5,0,79,12.25,57,0.1,0.9606
18.5,0,43,6,18,0.01,1.3862
18.5,0,61,3.75,83,0.18,1.7794
20,0,51,9.25,18,0.09,0.9612
16,0,49,4.5,67,0.13,1.5921
17,0,37,3.75,53,0.05,1.348
16,0,56,7,39,0.24,0.928
17.5,0,40,4.25,30,0.24,1.2021
16.5,0,57,9.75,44,0.08,1.0384
16.5,0,49,9,27,0.03,1.1789
17,0,45,6.25,73,0.15,0.6052
16,0,39,4.75,50,0.15,0.932
18,0,49,5.25,47,0.05,1.1472
18.5,0,44,3.25,68,0.19,1.6697
18.5,0,44,4,88,0.15,1.1231
16,0,47,4.5,29,0.26,1.4576
17.5,0,71,4.75,67,0.02,2.4096
20,0,43,3.75,62,0.09,1.3254
18,0,62,6,37,0.09,1.5951
18.5,0,53,3.5,40,0.08,2.4755
16,0,59,4.25,20,0.23,2.0607
16,0,58,6.75,25,0.06,1.3401
19,0,66,5.25,51,0.02,2.1431
21,0,46,5.25,23,0.28,0.9833
21,0,77,9.5,66,0.21,0.8027
20.5,0,69,7,70,0.27,0.7125
18,0,80,9.5,27,0.07,1.3462
18,0,81,5.75,41,0.24,1.7821
19.5,0,100,7.25,72,0.3,1.3719
18.5,0,98,9.5,30,0.19,1.2014
19,0,77,5,67,0.23,1.7547
20,0,61,4.25,82,0.21,1.4202
16,0,75,7.75,17,0.17,1.3916
18.5,0,56,3.75,28,0.28,1.8415
18.5,0,55,4.5,48,0.06,2.0066
19,0,50,5,33,0.06,1.4471
16.5,0,47,3.25,48,0.01,2.8078
19,0,56,4.5,33,0.27,1.4752
18,0,57,4.25,41,0.06,2.2768
20,0,73,5.25,76,0.01,1.8517
20,0,64,3,55,0.09,3.0592
21,0,76,6,50,0.29,1.3027
20,0,73,5.75,52,0.12,1.6937
18,0,83,3.5,18,0.06,4.2694
20,0,66,5,50,0.01,2.1569
17,0,98,6,76,0.15,2.1156
18,0,96,6.75,40,0.16,2.0327
16.5,0,69,3,23,0.04,4.6688
16,0,57,3,32,0.06,3.7163
19.5,0,73,3,39,0.29,2.6921
18.5,0,55,3,16,0.15,2.8214
19,0,58,3.5,49,0.15,2.2717
19,0,88,5,37,0.23,2.2058
17,0,82,6.75,54,0.15,1.765
19,0,75,3.25,31,0.02,4.2596
17.5,0,65,4,24,0.06,2.9174
18,0,88,4.25,37,0.12,3.2096
19.5,0,72,5.75,28,0.07,2.1106
19,0,70,4.5,46,0.09,2.366
18.5,0,68,3,56,0.08,3.3714
16,0,73,3.75,41,0.13,3.2064
